{"docstore/data": {"5_1_1": {"__data__": {"id_": "5_1_1", "embedding": null, "metadata": {"message_idx": 5, "paragraph_idx": 1, "sentence_idx": 1, "is_summary": false}, "excluded_embed_metadata_keys": [], "excluded_llm_metadata_keys": [], "relationships": {}, "metadata_template": "{key}: {value}", "metadata_separator": "\n", "text": "Quickly, John snaps open his radio on the line with all his companions.", "mimetype": "text/plain", "start_char_idx": null, "end_char_idx": null, "metadata_seperator": "\n", "text_template": "{metadata_str}\n\n{content}", "class_name": "TextNode"}, "__type__": "1"}, "5_1_2": {"__data__": {"id_": "5_1_2", "embedding": null, "metadata": {"message_idx": 5, "paragraph_idx": 1, "sentence_idx": 2, "is_summary": false}, "excluded_embed_metadata_keys": [], "excluded_llm_metadata_keys": [], "relationships": {}, "metadata_template": "{key}: {value}", "metadata_separator": "\n", "text": "\"Let's get the ball rolling.\"", "mimetype": "text/plain", "start_char_idx": null, "end_char_idx": null, "metadata_seperator": "\n", "text_template": "{metadata_str}\n\n{content}", "class_name": "TextNode"}, "__type__": "1"}, "5_1_3": {"__data__": {"id_": "5_1_3", "embedding": null, "metadata": {"message_idx": 5, "paragraph_idx": 1, "sentence_idx": 3, "is_summary": false}, "excluded_embed_metadata_keys": [], "excluded_llm_metadata_keys": [], "relationships": {}, "metadata_template": "{key}: {value}", "metadata_separator": "\n", "text": "{include each of the main and secondary characters in your response}", "mimetype": "text/plain", "start_char_idx": null, "end_char_idx": null, "metadata_seperator": "\n", "text_template": "{metadata_str}\n\n{content}", "class_name": "TextNode"}, "__type__": "1"}, "6_1_1": {"__data__": {"id_": "6_1_1", "embedding": null, "metadata": {"message_idx": 6, "paragraph_idx": 1, "sentence_idx": 1, "is_summary": false}, "excluded_embed_metadata_keys": [], "excluded_llm_metadata_keys": [], "relationships": {}, "metadata_template": "{key}: {value}", "metadata_separator": "\n", "text": "From the Communications Center, Paul\u2019s voice crackles over the radio, steady and reassuring, \u201cI\u2019ll keep you all connected.\u201d His fingers dance over the console, ensuring every signal is clear, every line secure.", "mimetype": "text/plain", "start_char_idx": null, "end_char_idx": null, "metadata_seperator": "\n", "text_template": "{metadata_str}\n\n{content}", "class_name": "TextNode"}, "__type__": "1"}, "6_1_2": {"__data__": {"id_": "6_1_2", "embedding": null, "metadata": {"message_idx": 6, "paragraph_idx": 1, "sentence_idx": 2, "is_summary": false}, "excluded_embed_metadata_keys": [], "excluded_llm_metadata_keys": [], "relationships": {}, "metadata_template": "{key}: {value}", "metadata_separator": "\n", "text": "This mission hinges on their [Amy Harrison/Paul Jones/John Jones/Angelina Kristi] [Amy Harrison/Paul Jones/John Jones/Angelina Kristi] ability to stay in contact, to work as a cohesive unit, and Paul is at the heart of it.", "mimetype": "text/plain", "start_char_idx": null, "end_char_idx": null, "metadata_seperator": "\n", "text_template": "{metadata_str}\n\n{content}", "class_name": "TextNode"}, "__type__": "1"}, "6_2_1": {"__data__": {"id_": "6_2_1", "embedding": null, "metadata": {"message_idx": 6, "paragraph_idx": 2, "sentence_idx": 1, "is_summary": false}, "excluded_embed_metadata_keys": [], "excluded_llm_metadata_keys": [], "relationships": {}, "metadata_template": "{key}: {value}", "metadata_separator": "\n", "text": "In the Technology Lab, Amy\u2019s fingers dance over her console with the same precision that marked her work in previous missions.", "mimetype": "text/plain", "start_char_idx": null, "end_char_idx": null, "metadata_seperator": "\n", "text_template": "{metadata_str}\n\n{content}", "class_name": "TextNode"}, "__type__": "1"}, "6_2_2": {"__data__": {"id_": "6_2_2", "embedding": null, "metadata": {"message_idx": 6, "paragraph_idx": 2, "sentence_idx": 2, "is_summary": false}, "excluded_embed_metadata_keys": [], "excluded_llm_metadata_keys": [], "relationships": {}, "metadata_template": "{key}: {value}", "metadata_separator": "\n", "text": "\u201cAmy here.", "mimetype": "text/plain", "start_char_idx": null, "end_char_idx": null, "metadata_seperator": "\n", "text_template": "{metadata_str}\n\n{content}", "class_name": "TextNode"}, "__type__": "1"}, "6_2_3": {"__data__": {"id_": "6_2_3", "embedding": null, "metadata": {"message_idx": 6, "paragraph_idx": 2, "sentence_idx": 3, "is_summary": false}, "excluded_embed_metadata_keys": [], "excluded_llm_metadata_keys": [], "relationships": {}, "metadata_template": "{key}: {value}", "metadata_separator": "\n", "text": "Tech systems are fully operational.", "mimetype": "text/plain", "start_char_idx": null, "end_char_idx": null, "metadata_seperator": "\n", "text_template": "{metadata_str}\n\n{content}", "class_name": "TextNode"}, "__type__": "1"}, "6_3_1": {"__data__": {"id_": "6_3_1", "embedding": null, "metadata": {"message_idx": 6, "paragraph_idx": 3, "sentence_idx": 1, "is_summary": false}, "excluded_embed_metadata_keys": [], "excluded_llm_metadata_keys": [], "relationships": {}, "metadata_template": "{key}: {value}", "metadata_separator": "\n", "text": "From her covert position within Subterranean territory, Angelina\u2019s response is swift and assertive.", "mimetype": "text/plain", "start_char_idx": null, "end_char_idx": null, "metadata_seperator": "\n", "text_template": "{metadata_str}\n\n{content}", "class_name": "TextNode"}, "__type__": "1"}, "6_3_2": {"__data__": {"id_": "6_3_2", "embedding": null, "metadata": {"message_idx": 6, "paragraph_idx": 3, "sentence_idx": 2, "is_summary": false}, "excluded_embed_metadata_keys": [], "excluded_llm_metadata_keys": [], "relationships": {}, "metadata_template": "{key}: {value}", "metadata_separator": "\n", "text": "\u201cAngelina here.", "mimetype": "text/plain", "start_char_idx": null, "end_char_idx": null, "metadata_seperator": "\n", "text_template": "{metadata_str}\n\n{content}", "class_name": "TextNode"}, "__type__": "1"}, "6_3_3": {"__data__": {"id_": "6_3_3", "embedding": null, "metadata": {"message_idx": 6, "paragraph_idx": 3, "sentence_idx": 3, "is_summary": false}, "excluded_embed_metadata_keys": [], "excluded_llm_metadata_keys": [], "relationships": {}, "metadata_template": "{key}: {value}", "metadata_separator": "\n", "text": "I\u2019ve successfully navigated to the target area, and my initial infiltration phase is complete.", "mimetype": "text/plain", "start_char_idx": null, "end_char_idx": null, "metadata_seperator": "\n", "text_template": "{metadata_str}\n\n{content}", "class_name": "TextNode"}, "__type__": "1"}, "6_4_1": {"__data__": {"id_": "6_4_1", "embedding": null, "metadata": {"message_idx": 6, "paragraph_idx": 4, "sentence_idx": 1, "is_summary": false}, "excluded_embed_metadata_keys": [], "excluded_llm_metadata_keys": [], "relationships": {}, "metadata_template": "{key}: {value}", "metadata_separator": "\n", "text": "The sequence of events following each character\u2019s confirmation sees Paul manning the communications center with an unwavering focus, ensuring flawless transmission of commands and status updates.", "mimetype": "text/plain", "start_char_idx": null, "end_char_idx": null, "metadata_seperator": "\n", "text_template": "{metadata_str}\n\n{content}", "class_name": "TextNode"}, "__type__": "1"}, "6_4_2": {"__data__": {"id_": "6_4_2", "embedding": null, "metadata": {"message_idx": 6, "paragraph_idx": 4, "sentence_idx": 2, "is_summary": false}, "excluded_embed_metadata_keys": [], "excluded_llm_metadata_keys": [], "relationships": {}, "metadata_template": "{key}: {value}", "metadata_separator": "\n", "text": "Amy oversees her team in the Technology Lab, issuing final checks and ensuring every technological asset is primed for action.", "mimetype": "text/plain", "start_char_idx": null, "end_char_idx": null, "metadata_seperator": "\n", "text_template": "{metadata_str}\n\n{content}", "class_name": "TextNode"}, "__type__": "1"}, "6_4_3": {"__data__": {"id_": "6_4_3", "embedding": null, "metadata": {"message_idx": 6, "paragraph_idx": 4, "sentence_idx": 3, "is_summary": false}, "excluded_embed_metadata_keys": [], "excluded_llm_metadata_keys": [], "relationships": {}, "metadata_template": "{key}: {value}", "metadata_separator": "\n", "text": "Angelina, after confirming her position, begins her meticulous collection of intelligence, her movements swift and silent.", "mimetype": "text/plain", "start_char_idx": null, "end_char_idx": null, "metadata_seperator": "\n", "text_template": "{metadata_str}\n\n{content}", "class_name": "TextNode"}, "__type__": "1"}, "6_4_4": {"__data__": {"id_": "6_4_4", "embedding": null, "metadata": {"message_idx": 6, "paragraph_idx": 4, "sentence_idx": 4}, "excluded_embed_metadata_keys": [], "excluded_llm_metadata_keys": [], "relationships": {}, "metadata_template": "{key}: {value}", "metadata_separator": "\n", "text": "She is ready, her focus unwavering, a silent testament to her determination and the mission\u2019s importance.", "mimetype": "text/plain", "start_char_idx": null, "end_char_idx": null, "metadata_seperator": "\n", "text_template": "{metadata_str}\n\n{content}", "class_name": "TextNode"}, "__type__": "1"}, "6_5_1": {"__data__": {"id_": "6_5_1", "embedding": null, "metadata": {"message_idx": 6, "paragraph_idx": 5, "sentence_idx": 1, "is_summary": false}, "excluded_embed_metadata_keys": [], "excluded_llm_metadata_keys": [], "relationships": {}, "metadata_template": "{key}: {value}", "metadata_separator": "\n", "text": "At the Mission Staging Area, the soldiers await their orders with a palpable sense of anticipation.", "mimetype": "text/plain", "start_char_idx": null, "end_char_idx": null, "metadata_seperator": "\n", "text_template": "{metadata_str}\n\n{content}", "class_name": "TextNode"}, "__type__": "1"}, "6_5_2": {"__data__": {"id_": "6_5_2", "embedding": null, "metadata": {"message_idx": 6, "paragraph_idx": 5, "sentence_idx": 2, "is_summary": false}, "excluded_embed_metadata_keys": [], "excluded_llm_metadata_keys": [], "relationships": {}, "metadata_template": "{key}: {value}", "metadata_separator": "\n", "text": "The air is thick with the quiet buzz of readiness, each soldier standing in disciplined formation, their eyes fixed on their commander.", "mimetype": "text/plain", "start_char_idx": null, "end_char_idx": null, "metadata_seperator": "\n", "text_template": "{metadata_str}\n\n{content}", "class_name": "TextNode"}, "__type__": "1"}, "6_5_3": {"__data__": {"id_": "6_5_3", "embedding": null, "metadata": {"message_idx": 6, "paragraph_idx": 5, "sentence_idx": 3, "is_summary": false}, "excluded_embed_metadata_keys": [], "excluded_llm_metadata_keys": [], "relationships": {}, "metadata_template": "{key}: {value}", "metadata_separator": "\n", "text": "John\u2019s confirmation of the team\u2019s readiness echoes through the staging area, filling the space with a unifying sense of purpose.", "mimetype": "text/plain", "start_char_idx": null, "end_char_idx": null, "metadata_seperator": "\n", "text_template": "{metadata_str}\n\n{content}", "class_name": "TextNode"}, "__type__": "1"}, "5_summary": {"__data__": {"id_": "5_summary", "embedding": null, "metadata": {"message_idx": 5, "paragraph_idx": 0, "sentence_idx": 0, "is_summary": true}, "excluded_embed_metadata_keys": [], "excluded_llm_metadata_keys": [], "relationships": {}, "metadata_template": "{key}: {value}", "metadata_separator": "\n", "text": "John initiates the start of the mission by contacting all his companions\u2014Paul, Amy, and Angelina\u2014via radio, signaling the beginning of their strategic reconnaissance and intelligence-gathering operations.", "mimetype": "text/plain", "start_char_idx": null, "end_char_idx": null, "metadata_seperator": "\n", "text_template": "{metadata_str}\n\n{content}", "class_name": "TextNode"}, "__type__": "1"}, "6_summary": {"__data__": {"id_": "6_summary", "embedding": null, "metadata": {"message_idx": 6, "paragraph_idx": 0, "sentence_idx": 0, "is_summary": true}, "excluded_embed_metadata_keys": [], "excluded_llm_metadata_keys": [], "relationships": {}, "metadata_template": "{key}: {value}", "metadata_separator": "\n", "text": "John initiates the mission with a sharp command, signaling the start. Amy prepares advanced tech to support the operation. Paul ensures secure communications. Angelina confirms her infiltration position. Each character\u2019s readiness reflects their role and commitment, setting the stage for the mission\u2019s progression.", "mimetype": "text/plain", "start_char_idx": null, "end_char_idx": null, "metadata_seperator": "\n", "text_template": "{metadata_str}\n\n{content}", "class_name": "TextNode"}, "__type__": "1"}, "6_1_3": {"__data__": {"id_": "6_1_3", "embedding": null, "metadata": {"message_idx": 6, "paragraph_idx": 1, "sentence_idx": 3, "is_summary": false}, "excluded_embed_metadata_keys": [], "excluded_llm_metadata_keys": [], "relationships": {}, "metadata_template": "{key}: {value}", "metadata_separator": "\n", "text": "As the dawn breaks, casting an amber glow over the eastern horizon, the Rebel Force stands ready, their [Amy Harrison/Paul Jones/John Jones/Angelina Kristi] [Amy Harrison/Paul Jones/John Jones/Angelina Kristi] collective heartbeat synced through the channels of communication, a network of trust and determination weaving them [Amy Harrison/Paul Jones/John Jones/Angelina Kristi] together in the face of the unknown.", "mimetype": "text/plain", "start_char_idx": null, "end_char_idx": null, "metadata_seperator": "\n", "text_template": "{metadata_str}\n\n{content}", "class_name": "TextNode"}, "__type__": "1"}, "6_1_4": {"__data__": {"id_": "6_1_4", "embedding": null, "metadata": {"message_idx": 6, "paragraph_idx": 1, "sentence_idx": 4, "is_summary": false}, "excluded_embed_metadata_keys": [], "excluded_llm_metadata_keys": [], "relationships": {}, "metadata_template": "{key}: {value}", "metadata_separator": "\n", "text": "We\u2019re locked and loaded at the communications hub, ready to relay your every command without fail.\u201d His words carry a weight of assurance, signaling not just readiness but also his commitment to the mission\u2019s success, his authoritative yet composed demeanor evident in the clear tone he maintains.", "mimetype": "text/plain", "start_char_idx": null, "end_char_idx": null, "metadata_seperator": "\n", "text_template": "{metadata_str}\n\n{content}", "class_name": "TextNode"}, "__type__": "1"}, "6_2_4": {"__data__": {"id_": "6_2_4", "embedding": null, "metadata": {"message_idx": 6, "paragraph_idx": 2, "sentence_idx": 4, "is_summary": false}, "excluded_embed_metadata_keys": [], "excluded_llm_metadata_keys": [], "relationships": {}, "metadata_template": "{key}: {value}", "metadata_separator": "\n", "text": "All drones and defense mechanisms are on standby, ready to support the reconnaissance team.", "mimetype": "text/plain", "start_char_idx": null, "end_char_idx": null, "metadata_seperator": "\n", "text_template": "{metadata_str}\n\n{content}", "class_name": "TextNode"}, "__type__": "1"}, "6_2_5": {"__data__": {"id_": "6_2_5", "embedding": null, "metadata": {"message_idx": 6, "paragraph_idx": 2, "sentence_idx": 5, "is_summary": false}, "excluded_embed_metadata_keys": [], "excluded_llm_metadata_keys": [], "relationships": {}, "metadata_template": "{key}: {value}", "metadata_separator": "\n", "text": "I\u2019m watching the satellite feeds and have a team prepped for any contingencies.\u201d Her voice brims with focused dedication, a reflection of her role as Chief Scientist and Lead Technological Strategist, her words serving to bolster the soldiers\u2019 resolve with the promise of robust technological backing.", "mimetype": "text/plain", "start_char_idx": null, "end_char_idx": null, "metadata_seperator": "\n", "text_template": "{metadata_str}\n\n{content}", "class_name": "TextNode"}, "__type__": "1"}, "6_3_4": {"__data__": {"id_": "6_3_4", "embedding": null, "metadata": {"message_idx": 6, "paragraph_idx": 3, "sentence_idx": 4, "is_summary": false}, "excluded_embed_metadata_keys": [], "excluded_llm_metadata_keys": [], "relationships": {}, "metadata_template": "{key}: {value}", "metadata_separator": "\n", "text": "I\u2019m in position to gather the necessary intelligence and will proceed as planned.\u201d Her tone is sharp and confident, reflecting her dual identity as both a Rebel Force soldier and an independent operative, her agility in shifting between these roles showcased by the ease with which she acknowledges her mission parameters and prepares to execute her part of the plan.", "mimetype": "text/plain", "start_char_idx": null, "end_char_idx": null, "metadata_seperator": "\n", "text_template": "{metadata_str}\n\n{content}", "class_name": "TextNode"}, "__type__": "1"}, "6_6_1": {"__data__": {"id_": "6_6_1", "embedding": null, "metadata": {"message_idx": 6, "paragraph_idx": 6, "sentence_idx": 1, "is_summary": false}, "excluded_embed_metadata_keys": [], "excluded_llm_metadata_keys": [], "relationships": {}, "metadata_template": "{key}: {value}", "metadata_separator": "\n", "text": "John steps forward, his voice resounding with a blend of inspiration and determination.", "mimetype": "text/plain", "start_char_idx": null, "end_char_idx": null, "metadata_seperator": "\n", "text_template": "{metadata_str}\n\n{content}", "class_name": "TextNode"}, "__type__": "1"}, "6_6_2": {"__data__": {"id_": "6_6_2", "embedding": null, "metadata": {"message_idx": 6, "paragraph_idx": 6, "sentence_idx": 2, "is_summary": false}, "excluded_embed_metadata_keys": [], "excluded_llm_metadata_keys": [], "relationships": {}, "metadata_template": "{key}: {value}", "metadata_separator": "\n", "text": "\u201cSoldiers, we stand on the brink of a defining moment.", "mimetype": "text/plain", "start_char_idx": null, "end_char_idx": null, "metadata_seperator": "\n", "text_template": "{metadata_str}\n\n{content}", "class_name": "TextNode"}, "__type__": "1"}, "6_6_3": {"__data__": {"id_": "6_6_3", "embedding": null, "metadata": {"message_idx": 6, "paragraph_idx": 6, "sentence_idx": 3, "is_summary": false}, "excluded_embed_metadata_keys": [], "excluded_llm_metadata_keys": [], "relationships": {}, "metadata_template": "{key}: {value}", "metadata_separator": "\n", "text": "We are the guardians of what is ours\u2014our homes, our loved ones, our futures.", "mimetype": "text/plain", "start_char_idx": null, "end_char_idx": null, "metadata_seperator": "\n", "text_template": "{metadata_str}\n\n{content}", "class_name": "TextNode"}, "__type__": "1"}, "6_6_4": {"__data__": {"id_": "6_6_4", "embedding": null, "metadata": {"message_idx": 6, "paragraph_idx": 6, "sentence_idx": 4, "is_summary": false}, "excluded_embed_metadata_keys": [], "excluded_llm_metadata_keys": [], "relationships": {}, "metadata_template": "{key}: {value}", "metadata_separator": "\n", "text": "Today, we take a bold step toward understanding and defending against", "mimetype": "text/plain", "start_char_idx": null, "end_char_idx": null, "metadata_seperator": "\n", "text_template": "{metadata_str}\n\n{content}", "class_name": "TextNode"}, "__type__": "1"}, "7_1_1": {"__data__": {"id_": "7_1_1", "embedding": null, "metadata": {"message_idx": 7, "paragraph_idx": 1, "sentence_idx": 1, "is_summary": false}, "excluded_embed_metadata_keys": [], "excluded_llm_metadata_keys": [], "relationships": {}, "metadata_template": "{key}: {value}", "metadata_separator": "\n", "text": "test", "mimetype": "text/plain", "start_char_idx": null, "end_char_idx": null, "metadata_seperator": "\n", "text_template": "{metadata_str}\n\n{content}", "class_name": "TextNode"}, "__type__": "1"}, "8_1_1": {"__data__": {"id_": "8_1_1", "embedding": null, "metadata": {"message_idx": 8, "paragraph_idx": 1, "sentence_idx": 1, "is_summary": false}, "excluded_embed_metadata_keys": [], "excluded_llm_metadata_keys": [], "relationships": {}, "metadata_template": "{key}: {value}", "metadata_separator": "\n", "text": "(as Narrator) With the final affirmations ringing clear, the mission&#x27;s execution begins in earnest.", "mimetype": "text/plain", "start_char_idx": null, "end_char_idx": null, "metadata_seperator": "\n", "text_template": "{metadata_str}\n\n{content}", "class_name": "TextNode"}, "__type__": "1"}, "8_1_2": {"__data__": {"id_": "8_1_2", "embedding": null, "metadata": {"message_idx": 8, "paragraph_idx": 1, "sentence_idx": 2, "is_summary": false}, "excluded_embed_metadata_keys": [], "excluded_llm_metadata_keys": [], "relationships": {}, "metadata_template": "{key}: {value}", "metadata_separator": "\n", "text": "John steps forward, his silhouette against the rising sun a symbol of the dawn of a new challenge.", "mimetype": "text/plain", "start_char_idx": null, "end_char_idx": null, "metadata_seperator": "\n", "text_template": "{metadata_str}\n\n{content}", "class_name": "TextNode"}, "__type__": "1"}, "8_1_3": {"__data__": {"id_": "8_1_3", "embedding": null, "metadata": {"message_idx": 8, "paragraph_idx": 1, "sentence_idx": 3, "is_summary": false}, "excluded_embed_metadata_keys": [], "excluded_llm_metadata_keys": [], "relationships": {}, "metadata_template": "{key}: {value}", "metadata_separator": "\n", "text": "Each member falls into their [Amy Harrison/Paul Jones/John Jones/Angelina Kristi] designated roles, the seamless transition a testament to the rigorous training and the deep bond forged in countless hours of preparation.", "mimetype": "text/plain", "start_char_idx": null, "end_char_idx": null, "metadata_seperator": "\n", "text_template": "{metadata_str}\n\n{content}", "class_name": "TextNode"}, "__type__": "1"}, "8_2_1": {"__data__": {"id_": "8_2_1", "embedding": null, "metadata": {"message_idx": 8, "paragraph_idx": 2, "sentence_idx": 1, "is_summary": false}, "excluded_embed_metadata_keys": [], "excluded_llm_metadata_keys": [], "relationships": {}, "metadata_template": "{key}: {value}", "metadata_separator": "\n", "text": "John moves with a purposeful stride toward the eastern perimeter, where the line between safety and peril blurs.", "mimetype": "text/plain", "start_char_idx": null, "end_char_idx": null, "metadata_seperator": "\n", "text_template": "{metadata_str}\n\n{content}", "class_name": "TextNode"}, "__type__": "1"}, "8_2_2": {"__data__": {"id_": "8_2_2", "embedding": null, "metadata": {"message_idx": 8, "paragraph_idx": 2, "sentence_idx": 2, "is_summary": false}, "excluded_embed_metadata_keys": [], "excluded_llm_metadata_keys": [], "relationships": {}, "metadata_template": "{key}: {value}", "metadata_separator": "\n", "text": "The landscape, a mix of rugged terrain and technological defenses, serves as both ally and adversary.", "mimetype": "text/plain", "start_char_idx": null, "end_char_idx": null, "metadata_seperator": "\n", "text_template": "{metadata_str}\n\n{content}", "class_name": "TextNode"}, "__type__": "1"}, "8_2_3": {"__data__": {"id_": "8_2_3", "embedding": null, "metadata": {"message_idx": 8, "paragraph_idx": 2, "sentence_idx": 3, "is_summary": false}, "excluded_embed_metadata_keys": [], "excluded_llm_metadata_keys": [], "relationships": {}, "metadata_template": "{key}: {value}", "metadata_separator": "\n", "text": "As John leads, the landscape stretches out in a silent, watchful tableau, every element poised to reveal either an advantage or a trap.", "mimetype": "text/plain", "start_char_idx": null, "end_char_idx": null, "metadata_seperator": "\n", "text_template": "{metadata_str}\n\n{content}", "class_name": "TextNode"}, "__type__": "1"}, "8_2_4": {"__data__": {"id_": "8_2_4", "embedding": null, "metadata": {"message_idx": 8, "paragraph_idx": 2, "sentence_idx": 4, "is_summary": false}, "excluded_embed_metadata_keys": [], "excluded_llm_metadata_keys": [], "relationships": {}, "metadata_template": "{key}: {value}", "metadata_separator": "\n", "text": "The air is thick with anticipation, a palpable tension that crackles like the dawn&#x27;s first light.", "mimetype": "text/plain", "start_char_idx": null, "end_char_idx": null, "metadata_seperator": "\n", "text_template": "{metadata_str}\n\n{content}", "class_name": "TextNode"}, "__type__": "1"}, "8_3_1": {"__data__": {"id_": "8_3_1", "embedding": null, "metadata": {"message_idx": 8, "paragraph_idx": 3, "sentence_idx": 1, "is_summary": false}, "excluded_embed_metadata_keys": [], "excluded_llm_metadata_keys": [], "relationships": {}, "metadata_template": "{key}: {value}", "metadata_separator": "\n", "text": "He reaches the edge of the Rebel Territory and turns to face his team, his gaze a mix of reassurance and readiness.", "mimetype": "text/plain", "start_char_idx": null, "end_char_idx": null, "metadata_seperator": "\n", "text_template": "{metadata_str}\n\n{content}", "class_name": "TextNode"}, "__type__": "1"}, "8_3_2": {"__data__": {"id_": "8_3_2", "embedding": null, "metadata": {"message_idx": 8, "paragraph_idx": 3, "sentence_idx": 2, "is_summary": false}, "excluded_embed_metadata_keys": [], "excluded_llm_metadata_keys": [], "relationships": {}, "metadata_template": "{key}: {value}", "metadata_separator": "\n", "text": "&quot;We move now.", "mimetype": "text/plain", "start_char_idx": null, "end_char_idx": null, "metadata_seperator": "\n", "text_template": "{metadata_str}\n\n{content}", "class_name": "TextNode"}, "__type__": "1"}, "8_3_3": {"__data__": {"id_": "8_3_3", "embedding": null, "metadata": {"message_idx": 8, "paragraph_idx": 3, "sentence_idx": 3, "is_summary": false}, "excluded_embed_metadata_keys": [], "excluded_llm_metadata_keys": [], "relationships": {}, "metadata_template": "{key}: {value}", "metadata_separator": "\n", "text": "Stay vigilant, and stay together.&quot;", "mimetype": "text/plain", "start_char_idx": null, "end_char_idx": null, "metadata_seperator": "\n", "text_template": "{metadata_str}\n\n{content}", "class_name": "TextNode"}, "__type__": "1"}, "8_4_1": {"__data__": {"id_": "8_4_1", "embedding": null, "metadata": {"message_idx": 8, "paragraph_idx": 4, "sentence_idx": 1, "is_summary": false}, "excluded_embed_metadata_keys": [], "excluded_llm_metadata_keys": [], "relationships": {}, "metadata_template": "{key}: {value}", "metadata_separator": "\n", "text": "With those words, John steps into the borderlands, the rest of the team falling into formation around him.", "mimetype": "text/plain", "start_char_idx": null, "end_char_idx": null, "metadata_seperator": "\n", "text_template": "{metadata_str}\n\n{content}", "class_name": "TextNode"}, "__type__": "1"}, "8_4_2": {"__data__": {"id_": "8_4_2", "embedding": null, "metadata": {"message_idx": 8, "paragraph_idx": 4, "sentence_idx": 2, "is_summary": false}, "excluded_embed_metadata_keys": [], "excluded_llm_metadata_keys": [], "relationships": {}, "metadata_template": "{key}: {value}", "metadata_separator": "\n", "text": "The mission, a delicate balance of stealth and strength, is underway, each step a silent testament to the commitment and the courage that define the Rebel Force.", "mimetype": "text/plain", "start_char_idx": null, "end_char_idx": null, "metadata_seperator": "\n", "text_template": "{metadata_str}\n\n{content}", "class_name": "TextNode"}, "__type__": "1"}}, "docstore/metadata": {"5_1_1": {"doc_hash": "ee236bbec73f2702dd426a52e3816be7718cb64fba6409e7068d4ea22899ad93"}, "5_1_2": {"doc_hash": "bad2d79b17acd8a4dfc45aaee0120f738e0933c7a678477871d2004f7cca736a"}, "5_1_3": {"doc_hash": "59eb1ce81d25f57bc9370b3c64da34f586eea507d28d852d50e2fc10fbe1127c"}, "6_1_1": {"doc_hash": "926da7514a52e8e3e774538dcab51930c86102361dddc0b3e4449af9cad8f1e8"}, "6_1_2": {"doc_hash": "a539dddb7f8c85eb2c94a4ad5fd12c1d61036c3f3f958773cd28e878a9d397d6"}, "6_2_1": {"doc_hash": "b2e76759627c053d6465b767070d8927e760d1d0899df1566a4705664ff3fea3"}, "6_2_2": {"doc_hash": "56902a88b65fb06f7bab631873936090659a618d371c80de7646a9cae57d5a25"}, "6_2_3": {"doc_hash": "756b40abb567baa56cb5bfc40b92b74953095eb7e3d5211ee11c7db958d116ce"}, "6_3_1": {"doc_hash": "eb6c7f2b3c12ade6a7c294f57ba3b5d42ba7a8bd724425385d43ed978d988480"}, "6_3_2": {"doc_hash": "841aad0cc8f3c5d2d3c068a202b22d04d49ae126bfcabb05a25d15e2c852ed0e"}, "6_3_3": {"doc_hash": "1e966fc341524d197c684a4193e3215aaddab0c087229e569c339ba8d93c5033"}, "6_4_1": {"doc_hash": "07da074019091330e7251c79ba2c1ca901fa1906621e1bc61c7d6422387e841c"}, "6_4_2": {"doc_hash": "a1d540b4c1f6078e933108a4618659a38e4a4495664573b4fe092e5858a80fea"}, "6_4_3": {"doc_hash": "82bdc60536ca1f02928c1b161b22f1ed5680f17770f4b54d1e1d1444cb7a2d1d"}, "6_4_4": {"doc_hash": "9ce29f5aca3644c07b604c4165b5acb5f4a806a8fa97bc0853193184c87c24ad"}, "6_5_1": {"doc_hash": "8618e5e91eed6c37cf1566a61cc6351c3409d83288996e28c4c25936cd97f496"}, "6_5_2": {"doc_hash": "619798c153bce6a35306a9343cf6c579e51ba5f1b841de915d9b4211d60a10fa"}, "6_5_3": {"doc_hash": "efee294af8bbcfa40d9d1b7da8b223e3442d1b32a53611797d3b5470357d531d"}, "5_summary": {"doc_hash": "9c692a4cac72f3a4ec638442db8c6d3e8aa6cdd123a6caca55dabccdc6fd7643"}, "6_summary": {"doc_hash": "bbc78027a19621b6f4dd1aa3126eb36a7a1bd5c97fc89f261f99d25675b35cd0"}, "6_1_3": {"doc_hash": "54c4c0c54a13a81abf9fbe7c81ae5e425af6216442ad791c81700d8211cbe589"}, "6_1_4": {"doc_hash": "f0fcce6adee35cc28c4dd26e2a160ab2b2338c8a03672916efa3851206c2e3ea"}, "6_2_4": {"doc_hash": "6f790920354900c481b05e9dbd054997ab1e57426994db64e3d4b636b7f6e0ff"}, "6_2_5": {"doc_hash": "407c05836cd442a73af7fe62074f49f08b71cc6fa29637b9164cacd5fed71a74"}, "6_3_4": {"doc_hash": "69cba48feff3a93e7f2724502c7fd7576babce41001344f578f368837b33fd69"}, "6_6_1": {"doc_hash": "1f335abd42c66427ca3a6cc8cba068cf40692413ec326690671967e842829034"}, "6_6_2": {"doc_hash": "d3a19b48b652281c6b3dc0bbacf1a131811f354aa4a9649e155af61b8153971f"}, "6_6_3": {"doc_hash": "13d903805102a09b6e6f0805805de863d1e3572b6e2a1a89e5f4c4921a438b51"}, "6_6_4": {"doc_hash": "786073d205fc4c5e8ecac0bc0f702712893c47f6acffb2d0bd917c9f400736e0"}, "7_1_1": {"doc_hash": "5ffb8162ac887d253d80d664663b9ad1db5ec7aa902204e7c0018a3f4743212d"}, "8_1_1": {"doc_hash": "5720a1692e644da38b06dbaca97183a3dbe62220aa88db906a3ce07df06a13a0"}, "8_1_2": {"doc_hash": "4dc773a1c69158b6b5d47449a38050a9294363af2f04e7c0e6dd29bde7608ec5"}, "8_1_3": {"doc_hash": "fe7885d9c5a39e1d7b44ce732f6276214a5e222ba5abd863f54e86f42f4f5eb0"}, "8_2_1": {"doc_hash": "fd7c5f7ba37a1c46aefea4c806ceba557abd4491ccf9e7411ce6f3845eb7fa71"}, "8_2_2": {"doc_hash": "fb349359d4aca00fecb037789af6552a5c84c4b8dc7ecc4656366915fa52051f"}, "8_2_3": {"doc_hash": "5f2d4a1ce94ecd6186f6a787c6db016067399c5ea22d6525a430d7342ec6959f"}, "8_2_4": {"doc_hash": "a71f2ca0afa00169b29940b4349d6ffa0c9dfde5a594e5faa25d2f2f077e5e1d"}, "8_3_1": {"doc_hash": "40afce6345e71361b8a55cab2e2b467db992f87b599a44f4974df0eed203fa54"}, "8_3_2": {"doc_hash": "b15410611022d408ec0c9b98ade48a78613cc295d506aef9e7b5ab41c2154f44"}, "8_3_3": {"doc_hash": "1d383838edb37effead63e4c60cb2ad758370409196000467132111aba7672fa"}, "8_4_1": {"doc_hash": "8faa716153a67e04c32a52f7b11e0089ce5efe445f4d473ba67c7ead9c524d8e"}, "8_4_2": {"doc_hash": "30cbeb965b4bfe930492eb06d505c421b43035752f802bca8b46e0b798bf8e32"}}}