{"index_store/data": {"1aeef871-73d0-48df-8042-87799c6fbecb": {"__type__": "vector_store", "__data__": "{\"index_id\": \"1aeef871-73d0-48df-8042-87799c6fbecb\", \"summary\": null, \"nodes_dict\": {\"5_1_1\": \"5_1_1\", \"5_1_2\": \"5_1_2\", \"5_1_3\": \"5_1_3\", \"6_1_1\": \"6_1_1\", \"6_1_2\": \"6_1_2\", \"6_2_1\": \"6_2_1\", \"6_2_2\": \"6_2_2\", \"6_2_3\": \"6_2_3\", \"6_3_1\": \"6_3_1\", \"6_3_2\": \"6_3_2\", \"6_3_3\": \"6_3_3\", \"6_4_1\": \"6_4_1\", \"6_4_2\": \"6_4_2\", \"6_4_3\": \"6_4_3\", \"6_4_4\": \"6_4_4\", \"6_5_1\": \"6_5_1\", \"6_5_2\": \"6_5_2\", \"6_5_3\": \"6_5_3\", \"5_summary\": \"5_summary\", \"6_summary\": \"6_summary\", \"6_1_3\": \"6_1_3\", \"6_1_4\": \"6_1_4\", \"6_2_4\": \"6_2_4\", \"6_2_5\": \"6_2_5\", \"6_3_4\": \"6_3_4\", \"6_6_1\": \"6_6_1\", \"6_6_2\": \"6_6_2\", \"6_6_3\": \"6_6_3\", \"6_6_4\": \"6_6_4\", \"7_1_1\": \"7_1_1\", \"8_1_1\": \"8_1_1\", \"8_1_2\": \"8_1_2\", \"8_1_3\": \"8_1_3\", \"8_2_1\": \"8_2_1\", \"8_2_2\": \"8_2_2\", \"8_2_3\": \"8_2_3\", \"8_2_4\": \"8_2_4\", \"8_3_1\": \"8_3_1\", \"8_3_2\": \"8_3_2\", \"8_3_3\": \"8_3_3\", \"8_4_1\": \"8_4_1\", \"8_4_2\": \"8_4_2\"}, \"doc_id_dict\": {}, \"embeddings_dict\": {}}"}}}